Row ID,Order ID,Order Date,Ship Date,Ship Mode,Customer ID,Customer Name,Segment,Country,City,State,Postal Code,Region,Product ID,Category,Sub-Category,Product Name,Sales,Quantity,Discount,Profit
3126,CA-2015-121720,2015-06-11,2015-06-12,First Class,JE-15610,Jim Epp,Corporate,United States,Lakeland,Florida,33801,South,OFF-ST-10003816,Office Supplies,Storage,Fellowes High-Stak Drawer Files,563.808,4,0.2,21.1428
1442,CA-2017-128160,2017-12-19,2017-12-24,Second Class,MM-17920,Michael Moore,Consumer,United States,San Francisco,California,94110,West,OFF-BI-10001510,Office Supplies,Binders,Deluxe Heavy-Duty Vinyl Round Ring Binder,36.672,2,0.2,11.46
4511,CA-2016-119935,2016-11-10,2016-11-14,Standard Class,KM-16225,Kalyca Meade,Corporate,United States,Springfield,Missouri,65807,Central,FUR-FU-10001085,Furniture,Furnishings,3M Polarizing Light Filter Sleeves,37.3,2,0.0,17.158
40,CA-2015-117415,2015-12-27,2015-12-31,Standard Class,SN-20710,Steve Nguyen,Home Office,United States,Houston,Texas,77041,Central,FUR-CH-10004218,Furniture,Chairs,"Global Fabric Manager's Chair, Dark Gray",212.058,3,0.3,-15.147
4510,CA-2017-167003,2017-05-23,2017-05-29,Standard Class,VS-21820,Vivek Sundaresam,Consumer,United States,Los Angeles,California,90036,West,FUR-TA-10001520,Furniture,Tables,"Lesro Sheffield Collection Coffee Table, End Table, Center Table, Corner Table",171.288,3,0.2,-6.4233
1600,CA-2017-158876,2017-11-19,2017-11-21,Second Class,AB-10150,,Consumer,United States,Carrollton,Texas,75007,Central,OFF-AR-10003373,Office Supplies,Art,"Boston School Pro Electric Pencil Sharpener, 1670",99.136,4,0.2,8.6744
7364,CA-2016-127243,2016-11-28,2016-12-04,Standard Class,DS-13180,David Smith,Corporate,United States,Philadelphia,Pennsylvania,19140,East,TEC-PH-10004539,Technology,Phones,Wireless Extenders zBoost YX545 SOHO Signal Booster,340.182,3,0.4,-73.7061
9952,CA-2017-121559,2017-06-01,2017-06-03,Second Class,HW-14935,Helen Wasserman,Corporate,United States,Indianapolis,Indiana,46203,Central,OFF-BI-10002072,Office Supplies,Binders,Cardinal Slant-D Ring Binders,17.38,2,0.0,8.69
501,US-2016-105578,2016-05-30,2016-06-04,Standard Class,MY-17380,Maribeth Yedwab,Corporate,United States,Parker,Colorado,80134,West,OFF-BI-10001670,Office Supplies,Binders,Vinyl Sectional Post Binders,22.62,2,0.7,-15.08
4848,CA-2014-164469,2014-06-25,2014-06-27,Second Class,GK-14620,Grace Kelly,Corporate,United States,Salem,Oregon,97301,West,OFF-AR-10003478,Office Supplies,Art,"Avery Hi-Liter EverBold Pen Style Fluorescent Highlighters, 4/Pack",71.632,11,0.2,17.908
4569,CA-2015-111990,2015-11-08,2015-11-13,Standard Class,DB-13660,Duane Benoit,Consumer,United States,Houston,Texas,77095,Central,OFF-BI-10003291,Office Supplies,Binders,Wilson Jones Leather-Like Binders with DublLock Round Rings,10.476,6,0.8,
2759,CA-2016-146171,2016-03-11,2016-03-15,Standard Class,JP-16135,Julie Prescott,Home Office,United States,Columbus,Georgia,31907,South,FUR-FU-10004270,Furniture,Furnishings,"Executive Impressions 13"" Clairmont Wall Clock",76.92,4,0.0,31.5372
6221,CA-2016-160220,2016-10-20,2016-10-26,Standard Class,JS-16030,Joy Smith,Consumer,United States,Trenton,Michigan,48183,Central,OFF-ST-10000617,Office Supplies,Storage,Woodgrain Magazine Files by Perma,20.86,7,0.0,1.4602
7730,US-2016-109260,2016-09-26,2016-10-01,Standard Class,TN-21040,Tanja Norvell,Home Office,United States,Tallahassee,Florida,32303,South,TEC-AC-10002637,Technology,Accessories,Logitech VX Revolution Cordless Laser Mouse for Notebooks (Black),431.976,3,0.2,-75.5958
714,US-2017-100048,2017-05-19,2017-05-24,Standard Class,RS-19765,Roland Schwarz,Corporate,United States,Mount Vernon,New York,10550,East,TEC-PH-10003012,Technology,Phones,Nortel Meridian M3904 Professional Digital phone,307.98,2,0.0,89.3142
3298,US-2015-110569,2015-05-23,2015-05-30,Standard Class,EB-13870,Emily Burns,Consumer,United States,Phoenix,Arizona,85023,West,OFF-AP-10004708, Technology ,Appliances,Fellowes Superior 10 Outlet Split Surge Protector,121.792,4,0.2,13.7016
6753,CA-2016-154767,2016-06-28,2016-06-30,Second Class,BP-11155,Becky Pak,Consumer,United States,Paterson,New Jersey,7501,East,OFF-PA-10003039,Office Supplies,Paper,Xerox 1960,61.96,2,0.0,27.882
6532,US-2017-107384,2017-12-04,2017-12-08,Standard Class,TP-21130,Theone Pippenger,Consumer,United States,Rochester,Minnesota,55901,Central,OFF-AR-10001315,Office Supplies,Art,Newell 310,8.8,5,0.0,2.552
2040,CA-2015-122287,2015-06-18,2015-06-23,Standard Class,SN-20560,Skye Norling,Home Office,United States,Peoria,Arizona,85345,West,OFF-BI-10004656,Office Supplies,Binders,Peel & Stick Add-On Corner Pockets,4.536,7,0.7,-3.3264
4029,CA-2017-139311,2017-08-11,2017-08-13,First Class,SF-20965,Sylvia Foulston,Corporate,United States,Bedford,Texas,76021,Central,OFF-BI-10004209,Office Supplies,Binders,"Fellowes Twister Kit, Gray/Clear, 3/pkg",12.864,8,0.8,-22.512
3119,CA-2015-121720,2015-06-11,2015-06-12,First Class,JE-15610,Jim Epp,Corporate,United States,Lakeland,Florida,33801,west,FUR-CH-10003312,Furniture,Chairs,Hon 2090 Pillow Soft Series Mid Back Swivel/Tilt Chairs,1123.92,5,0.2,-182.637
669,CA-2014-156314,2014-12-24,2014-12-26,First Class,RP-19390,Resi Pölking,Consumer,United States,Cleveland,Ohio,44105,East,FUR-FU-10003096,Furniture,Furnishings,"Master Giant Foot Doorstop, Safety Yellow",30.36,5,0.2,8.7285
4904,CA-2017-110884,2017-03-07,2017-03-12,Standard Class,SH-20395,Shahid Hopkins,Consumer,United States,New York City,New York,10035,East,OFF-LA-10003510,Office Supplies,Labels,"Avery 4027 File Folder Labels for Dot Matrix Printers, 5000 Labels per Box, White",91.59,3,0.0,42.1314
3051,US-2017-148054,2017-10-06,2017-10-11,Standard Class,NZ-18565,Nick Zandusky,Home Office,United States,Meridian,Idaho,83642,West,FUR-FU-10003247,Furniture,Furnishings,36X48 HARDFLOOR CHAIRMAT,41.96,2,0.0,2.9372
3059,CA-2017-131492,2017-10-19,2017-10-24,Second Class,HH-15010,Hilary Holden,Corporate,United States,San Francisco,California,94110,West,FUR-FU-10003878,Furniture,Furnishings,"Linden 10"" Round Wall Clock, Black",30.56,2,0.0,10.3904
108,CA-2017-119004,2017-11-23,2017-11-28,Standard Class,JM-15250,Janet Martin,Consumer,United States,Charlotte,North Carolina,28205,South,TEC-PH-10002844,Technology,Phones,Speck Products Candyshell Flip Case,27.992,0,0.2,2.0994
3743,CA-2016-137848,2016-01-15,2016-01-21,Standard Class,WB-21850,William Brown,Consumer,United States,New York City,New York,10011,East,OFF-PA-10004285,Office Supplies,Paper,Xerox 1959,60.12,9,0.0,28.8576
4769,CA-2017-158883,2017-06-02,2017-06-03,Same Day,CS-11860,Cari Schnelling,Consumer,United States,Jacksonville,North Carolina,28540,South,OFF-PA-10004733,Office Supplies,Paper,Things To Do Today Spiral Book,25.344,4,0.2,9.1872
5324,CA-2017-134439,2017-09-18,2017-09-23,Second Class,TM-21010,Tamara Manning,Consumer,United States,Grand Island,Nebraska,68801,Central,OFF-PA-10004082,Office Supplies,Paper,"Adams Telephone Message Book w/Frequently-Called Numbers Space, 400 Messages per Book",15.96,2,0.0,7.98
734,CA-2017-131954,2017-01-21,2017-01-25,Standard Class,DS-13030,Darrin Sayre,Home Office,United States,Seattle,Washington,98115,West,TEC-AC-10003610,Technology,Accessories,Logitech Illuminated - Keyboard,179.97,3,0.0,86.3856
8965,CA-2016-157280,2016-11-05,2016-11-07,First Class,LW-17125,Liz Willingham,Consumer,United States,Virginia Beach,Virginia,23464,South,FUR-FU-10003806,Furniture,Furnishings,"Tenex Chairmat w/ Average Lip, 45"" x 53""",756.8,5,1.2,75.68
4823,CA-2016-134222,2016-07-10,2016-07-11,Same Day,NZ-18565,Nick Zandusky,Home Office,United States,Yuma,Arizona,85364,West,OFF-BI-10001658,Office Supplies,Binders,GBC Standard Therm-A-Bind Covers,44.856,6,0.7,-35.8848
7135,CA-2017-141439,2017-11-26,2017-12-01,Standard Class,TT-21460,Tonja Turnell,Home Office,United States,Richmond,Indiana,47374,Central,TEC-PH-10001819,Technology,Phones,Innergie mMini Combo Duo USB Travel Charging Kit,89.98,2,0.0,43.1904
8519,CA-2017-118003,2017-12-04,2017-12-10,Standard Class,DO-13645,Doug O'Connell,Consumer,United States,Paterson,New Jersey,7501,East,FUR-FU-10002506,Furniture,Furnishings,"Tensor ""Hersey Kiss"" Styled Floor Lamp",12.99,1,0.0,1.5588
9405,CA-2017-141663,2017-04-13,2017-04-17,Standard Class,DP-13105,Dave Poirier,Corporate,United States,Philadelphia,Pennsylvania,19134,East,OFF-FA-10004076,Office Supplies,Fasteners,Translucent Push Pins by OIC,7.92,5,0.2,1.683
8053,CA-2014-109904,2014-07-14,2014-07-04,Second Class,BF-10975,Barbara Fisher,Corporate,United States,New York City,New York,10009,East,OFF-AR-10004999,Office Supplies,Art,Newell 315,17.94,3,0.0,4.485
36,CA-2016-117590,2016-12-08,2016-12-10,First Class,GH-14485,Gene Hale,Corporate,United States,Richardson,Texas,75080,Central,TEC-PH-10004977,Technology,Phones,GE 30524EE4,1097.544,7,0.2,123.4737
6743,US-2017-101784,2017-07-06,2017-07-11,Standard Class,PO-18850,Patrick O'Brill,Consumer,United States,Los Angeles,California,90008,West,FUR-CH-10001146,Furniture,Chairs,"Global Task Chair, Black",122.136,3,0.2,-13.7403
1878,CA-2017-118885,2017-12-29,2018-01-02,Standard Class,JG-15160,James Galang,Consumer,United States,Los Angeles,California,90049,West,FUR-CH-10002880,Furniture,Chairs,"Global High-Back Leather Tilter, Burgundy",393.568,4,0.2,-44.2764
9240,CA-2017-110310,2017-10-27,2017-11-02,Standard Class,NB-18655,Nona Balk,Corporate,United States,Tallahassee,Florida,32303,South,OFF-PA-10001685,Office Supplies,Paper,Easy-staple paper,56.784,7,0.2,20.5842
6120,CA-2017-143378,2017-09-19,2017-09-25,Standard Class,JR-16210,Justin Ritter,Corporate,United States,Springfield,Oregon,97477,West,OFF-AR-10001915,Office Supplies,Art,Peel-Off China Markers,-500.0,3,0.2,6.5538
2288,US-2017-112928,2017-06-01,2017-06-05,Second Class,BB-10990,Barry Blumstein,Corporate,United States,Toledo,Ohio,43615,East,OFF-AP-10002287,Office Supplies,Appliances,"Eureka Sanitaire  Multi-Pro Heavy-Duty Upright, Disposable Bags",17.48,5,0.2,1.311
2996,US-2014-150532,2014-07-14,2014-07-21,Standard Class,PB-19150,Philip Brown,Consumer,United States,Phoenix,Arizona,85023,West,OFF-ST-10000760,Office Supplies,Storage,Eldon Fold 'N Roll Cart System,55.92,5,0.2,6.291
9044,CA-2016-168830,2016-11-07,2016-11-13,Standard Class,ML-17395,Marina Lichtenstein,Corporate,United States,San Francisco,California,94122,West,TEC-AC-10003911,Technology,Accessories,NETGEAR AC1750 Dual Band Gigabit Smart WiFi Router,479.97,3,0.0,163.1898
1727,CA-2015-127453,2015-12-19,2015-12-20,First Class,JK-15370,Jay Kimmel,Consumer,United States,Philadelphia,Pennsylvania,19143,East,OFF-AP-10003860,Office Supplies,Appliances,Fellowes Advanced 8 Outlet Surge Suppressor with Phone/Fax Protection,88.832,4,0.2,7.7728
4923,CA-2017-114055,2017-12-25,2017-12-29,Second Class,MH-18115,Mick Hernandez,Home Office,United States,Huntsville,Alabama,35810,South,OFF-FA-10003059,Office Supplies,Fasteners,Assorted Color Push Pins, 1500.50 ,2,0.0,1.1946
361,CA-2017-155698,2017-03-08,2017-03-11,First Class,VB-21745,Victoria Brennan,Corporate,United States,Columbus,Georgia,31907,South,OFF-LA-10001158,Office Supplies,Labels,"Avery Address/Shipping Labels for Typewriters, 4"" x 2""",20.7,2,0.0,9.936
2907,CA-2017-121615,2017-11-03,2017-11-09,Standard Class,DL-12925,Daniel Lacy,Consumer,United States,Eagan,Minnesota,55122,Central,OFF-PA-10000327,Office Supplies,Paper,Xerox 1971,8.56,2,0.0,3.852
8799,US-2016-150140,2016-04-06,2016-04-10,Standard Class,VM-21685,Valerie Mitchum,Home Office,United States,Burlington,Vermont,5408,East,TEC-PH-10002555,Technology,Phones,Nortel Meridian M5316 Digital phone,1294.75,5,0.0,336.635
3413,CA-2016-100244,2016-09-20,2016-09-24,Standard Class,GM-14695,Greg Maxwell,Corporate,United States,San Francisco,California,94122,West,OFF-AR-10000940,Office Supplies,Art,Newell 343,11.76,4,0.0,3.1752
2493,CA-2014-144624,2014-11-19,2014-11-23,Standard Class,JM-15865,John Murray,Consumer,United States,Jamestown,New York,14701,East,TEC-PH-10002885,Technology,Phones,Apple iPhone 5,4548.81,7,0.0,1228.1787
2992,CA-2016-139010,2016-02-21,2016-02-26,Second Class,MC-17635,Matthew Clasen,Corporate,United States,Los Angeles,California,90032,West,OFF-BI-10002309,Office Supplies,Binders,Avery Heavy-Duty EZD  Binder With Locking Rings,31.248,7,0.2,10.9368
7200,US-2015-156797,2015-08-11,2015-08-15,Standard Class,PO-19180,Philisse Overcash,Home Office,United States,New York City,New York,10035,East,TEC-PH-10004614,Technology,Phones,AT&T 841000 Phone,138.0,2,0.0,34.5
4402,CA-2016-131737,2016-03-17,2016-03-17,Same Day,GZ-14470,Gary Zandusky,Consumer,United States,Columbia,Maryland,21044,East,FUR-FU-10004306,Furniture,Furnishings,Electrix Halogen Magnifier Lamp,971.5,5,0.0,252.59
6888,CA-2017-120222,2017-04-25,2017-05-02,Standard Class,LL-16840,Lauren Leatherbury,Consumer,United States,Los Angeles,California,90032,West,OFF-PA-10004675,Office Supplies,Paper,"Telephone Message Books with Fax/Mobile Section, 5 1/2"" x 3 3/16""",19.05,3,0.0,8.763
5995,CA-2016-162187,2016-12-11,2016-12-11,Same Day,NS-18640,Noel Staavos,Corporate,United States,Columbus,Ohio,43229,East,OFF-SU-10004782,Office Supplies,Supplies,"Elite 5"" Scissors",13.52,2,0.2,1.69
7671,CA-2015-130974,2015-11-27,2015-11-29,Second Class,MA-17560,Matt Abelman,Home Office,United States,Everett,Massachusetts,2149,East,TEC-AC-10003095,Technology,Accessories,Logitech G35 7.1-Channel Surround Sound Headset,259.98,2,0.0,88.3932
5507,US-2016-162026,2016-10-08,2016-10-08,Same Day,JE-15745,Joel Eaton,Consumer,United States,Los Angeles,California,90036,West,OFF-PA-10000167,Office Supplies,Paper,Xerox 1925,61.96,2,0.0,27.882
624,CA-2015-138009,2015-11-29,2015-12-03,Standard Class,SF-20965,Sylvia Foulston,Corporate,United States,Dearborn,Michigan,48126,Central,OFF-AP-10000179,Office Supplies,Appliances,Honeywell Enviracaire Portable HEPA Air Cleaner for up to 10 x 16 Room,555.21,5,0.1,178.901
8441,CA-2016-158302,2016-12-08,2016-12-12,Second Class,JB-16045,Julia Barnett,Home Office,United States,Columbus,Ohio,43229,East,OFF-PA-10002615,Office Supplies,Paper,"Ampad Gold Fibre Wirebound Steno Books, 6"" x 9"", Gregg Ruled",10.584,3,0.2,3.4398
1958,CA-2017-157987,2017-09-02,2017-09-06,Standard Class,AC-10615,Ann Chong,Corporate,United States,New York City,New York,10009,East,OFF-PA-10003893,Office Supplies,Paper,Xerox 1962,17.12,4,0.0,7.704
2890,CA-2017-164049,2017-11-02,2017-11-06,Standard Class,KH-16630,Ken Heidel,Corporate,United States,Seattle,Washington,98105,West,OFF-PA-10000791,Office Supplies,Paper,"Wirebound Message Books, Four 2 3/4 x 5 Forms per Page, 200 Sets per Book",23.85,5,0.0,10.7325
4124,CA-2017-133823,2017-05-11,2017-05-12,Same Day,LP-17080,Liz Pelletier,Consumer,United States,Seattle,Washington,98103,West,OFF-BI-10000962,Office Supplies,Binders,"Acco Flexible ACCOHIDE Square Ring Data Binder, Dark Blue, 11 1/2"" X 14"" 7/8""",26.032,2,0.2,9.4366
6138,US-2016-142251,2016-10-31,2016-11-04,Second Class,FO-14305,Frank Olsen,Consumer,United States,Hollywood,Florida,33021,South,OFF-PA-10002986,Office Supplies,Paper,Xerox 1898,32.064,6,0.2,11.2224
533,US-2017-129441,2017-09-07,2017-09-11,Standard Class,JC-15340,Jasper Cacioppo,Consumer,United States,Los Angeles,California,90032,West,FUR-FU-10000448,Furniture,Furnishings,Tenex Chairmats For Use With Carpeted Floors,47.94,3,0.0,2.397
5685,CA-2014-164315,2014-04-02,2014-04-08,Standard Class,RD-19585,Rob Dowd,Consumer,United States,Athens,Georgia,30605,South,OFF-AP-10003842,Office Supplies,Appliances,Euro-Pro Shark Turbo Vacuum,154.9,5,0.0,40.274
9960,CA-2017-137421,2017-10-06,2017-10-11,Standard Class,AJ-10945,Ashley Jarboe,Consumer,United States,Chandler,Arizona,85224,West,OFF-AR-10001761,Office Supplies,Art,Avery Hi-Liter Smear-Safe Highlighters,9.344,2,0.2,1.8688
7310,CA-2017-112172,2017-06-10,2017-06-14,Second Class,MM-18280,Muhammed MacIntyre,Corporate,United States,New York City,New York,10024,East,OFF-FA-10004395,Office Supplies,Fasteners,Plymouth Boxed Rubber Bands by Plymouth,14.13,3,0.0,0.7065
440,CA-2017-157252,2017-01-20,2017-01-23,Second Class,CV-12805,Cynthia Voltz,Corporate,United States,New York City,New York,10024,East,FUR-CH-10003396,Furniture,Chairs,Global Deluxe Steno Chair,207.846,3,0.1,2.3094
4925,CA-2017-114055,2017-12-25,2017-12-29,Second Class,MH-18115,Mick Hernandez,Home Office,United States,Huntsville,Alabama,35810,South,TEC-PH-10002890,Technology,Phones,AT&T 17929 Lendline Telephone,90.48,2,0.0,23.5248
2827,US-2014-112914,2014-09-25,2014-09-30,Standard Class,MT-18070,Michelle Tran,Home Office,United States,Houston,Texas,77041,Central,OFF-BI-10002982,Office Supplies,Binders,Avery Self-Adhesive Photo Pockets for Polaroid Photos,2.724,2,0.8,-4.3584
7460,CA-2015-137974,2015-04-16,2015-04-18,First Class,LL-16840,Lauren Leatherbury,Consumer,United States,Waynesboro,Virginia,22980,South,FUR-BO-10001519,Furniture,Bookcases,O'Sullivan 3-Shelf Heavy-Duty Bookcases,523.26,9,0.0,125.5824
5837,CA-2015-101868,2015-06-09,2015-06-16,Standard Class,MJ-17740,Max Jones,Consumer,United States,Miami,Florida,33178,South,TEC-AC-10004396,Technology,Accessories,Logitech Keyboard K120,72.6,5,0.2,-8.1675
3888,CA-2014-100895,2014-06-02,2014-06-06,Standard Class,SV-20785,Stewart Visinsky,Consumer,United States,Roswell,Georgia,30076,South,OFF-AR-10004511,Office Supplies,Art,"Sanford Colorific Scented Colored Pencils, 12/Pack",8.56,2,0.0,2.6536
1982,CA-2015-119592,2015-12-14,2015-12-16,Second Class,MM-18280,Muhammed MacIntyre,Corporate,United States,Columbus,Georgia,31907,South,OFF-BI-10004187,Office Supplies,Binders,3-ring staple pack,3.76,2,0.0,1.8048
2292,CA-2015-149342,2015-04-20,2015-04-25,Standard Class,TS-21160,Theresa Swint,Corporate,United States,Columbus,Georgia,31907,South,FUR-FU-10002937,Furniture,Furnishings,"GE 48"" Fluorescent Tube, Cool White Energy Saver, 34 Watts, 30/Box",595.38,6,0.0,297.69
1517,CA-2017-148446,2017-12-10,2017-12-14,Second Class,MC-17845,Michael Chen,Consumer,United States,North Las Vegas,Nevada,89031,West,FUR-TA-10004256,Furniture,Tables,Bretford Just In Time Height-Adjustable Multi-Task Work Tables,1669.6,4,0.0,116.872
3379,CA-2017-142867,2017-03-17,2017-03-21,Standard Class,PO-19180,Philisse Overcash,Home Office,United States,Houston,Texas,77095,Central,OFF-BI-10003166,Office Supplies,Binders,GBC Plasticlear Binding Covers,13.776,6,0.8,-22.0416
1609,US-2016-115819,2016-04-19,2016-04-24,Second Class,JO-15280,Jas O'Carroll,Consumer,United States,Los Angeles,California,90049,West,OFF-PA-10002377,Office Supplies,Paper,"Adams Telephone Message Book W/Dividers/Space For Phone Numbers, 5 1/4""X8 1/2"", 200/Messages",22.72,4,0.0,10.224
7533,CA-2016-107146,2016-06-17,2016-06-19,First Class,LC-16885,Lena Creighton,Consumer,United States,Longmont,Colorado,80501,West,FUR-CH-10004853,Furniture,Chairs,"Global Manager's Adjustable Task Chair, Storm",483.136,4,0.2,54.3528
2228,CA-2017-130771,2017-07-29,2017-08-03,Standard Class,LA-16780,Laura Armstrong,Corporate,United States,Austin,Texas,78745,Central,TEC-PH-10002496,Technology,Phones,Cisco SPA301,124.792,1,0.2,15.599
6855,US-2017-162670,2017-12-23,2017-12-28,Second Class,MF-18250,Monica Federle,Corporate,United States,Little Rock,Arkansas,72209,South,OFF-ST-10001522,Office Supplies,Storage,"Gould Plastics 18-Pocket Panel Bin, 34w x 5-1/4d x 20-1/2h",367.96,4,0.0,14.7184
9874,CA-2016-100587,2016-12-10,2016-12-14,Standard Class,SL-20155,Sara Luxemburg,Home Office,United States,New York City,New York,10024,East,OFF-PA-10004609,Office Supplies,Paper,Xerox 221,6.48,1,0.0,3.1104
674,CA-2017-130351,2017-12-05,2017-12-08,First Class,RB-19570,Rob Beeghly,Consumer,United States,Columbus,Indiana,47201,Central,OFF-AP-10004532,Office Supplies,Appliances,Kensington 6 Outlet Guardian Standard Surge Protector,61.44,3,0.0,16.5888
7220,CA-2015-150770,2015-05-03,2015-05-06,First Class,LC-16870,Lena Cacioppo,Consumer,United States,San Francisco,California,94109,West,OFF-BI-10001575,Office Supplies,Binders,GBC Linen Binding Covers,49.568,2,0.2,17.3488
8366,CA-2017-157273,2017-01-30,2017-02-02,First Class,SZ-20035,Sam Zeldin,Home Office,United States,Seattle,Washington,98105,West,TEC-PH-10002275,Technology,Phones,Mitel 5320 IP Phone VoIP phone,604.768,4,0.2,60.4768
4550,CA-2015-126557,2015-07-12,2015-07-17,Second Class,RL-19615,Rob Lucas,Consumer,United States,Chicago,Illinois,60610,Central,TEC-PH-10003963,Technology,Phones,GE 2-Jack Phone Line Splitter,659.168,4,0.2,49.4376
2151,US-2017-139969,2017-11-19,2017-11-26,Standard Class,AF-10870,Art Ferguson,Consumer,United States,College Station,Texas,77840,Central,FUR-CH-10001973,Furniture,Chairs,Office Star Flex Back Scooter Chair with White Frame,233.058,3,0.3,-53.2704
6572,CA-2014-100678,2014-04-18,2014-04-22,Standard Class,KM-16720,Kunst Miller,Consumer,United States,Houston,Texas,77095,Central,TEC-AC-10000474,Technology,Accessories,Kensington Expert Mouse Optical USB Trackball for PC or Mac,227.976,3,0.2,28.497
3313,US-2014-133130,2014-09-27,2014-10-01,Standard Class,TH-21100,Thea Hendricks,Consumer,United States,San Diego,California,92037,West,FUR-CH-10002602,Furniture,Chairs,DMI Arturo Collection Mission-style Design Wood Chair,603.92,5,0.2,45.294
1156,CA-2014-136567,2014-12-20,2014-12-21,First Class,PS-19045,Penelope Sewall,Home Office,United States,Harrisonburg,Virginia,22801,South,FUR-TA-10001932,Furniture,Tables,"Chromcraft 48"" x 96"" Racetrack Double Pedestal Table",2244.48,7,0.0,493.7856
4705,CA-2016-158435,2016-05-17,2016-05-18,First Class,AG-10900,Arthur Gainer,Consumer,United States,Waterbury,Connecticut,6708,East,OFF-SU-10000381,Office Supplies,Supplies,Acme Forged Steel Scissors with Black Enamel Handles,65.17,7,0.0,18.8993
8865,CA-2015-125934,2015-09-11,2015-09-18,Standard Class,SN-20560,Skye Norling,Home Office,United States,Paterson,New Jersey,7501,East,OFF-PA-10000556,Office Supplies,Paper,Xerox 208,38.88,6,0.0,18.6624
762,CA-2017-126046,2017-11-03,2017-11-07,Standard Class,JC-16105,Julie Creighton,Corporate,United States,Atlanta,Georgia,30318,South,OFF-LA-10004484,Office Supplies,Labels,Avery 476,12.39,3,0.0,5.6994
7568,CA-2017-140802,2017-04-21,2017-04-23,First Class,KN-16390,Katherine Nockton,Corporate,United States,Houston,Texas,77070,Central,OFF-PA-10001534,Office Supplies,Paper,Xerox 230,20.736,4,0.2,7.2576
1570,CA-2017-165029,2017-11-26,2017-11-30,Standard Class,AH-10075,Adam Hart,Corporate,United States,Atlanta,Georgia,30318,South,OFF-AR-10003504,Office Supplies,Art,Newell 347,12.84,3,0.0,3.7236
260,CA-2017-163139,2017-12-01,2017-12-03,Second Class,CC-12670,Craig Carreira,Consumer,United States,New York City,New York,10009,East,OFF-ST-10002790,Office Supplies,Storage,Safco Industrial Shelving,221.55,3,0.0,6.6465
7826,CA-2015-127327,2015-02-03,2015-02-07,Standard Class,PW-19030,Pauline Webber,Corporate,United States,Rome,New York,13440,East,FUR-CH-10004218,Furniture,Chairs,"Global Fabric Manager's Chair, Dark Gray",90.882,1,0.1,15.147
1189,CA-2017-117212,2017-02-26,2017-02-28,Second Class,BT-11530,Bradley Talbott,Home Office,United States,Los Angeles,California,90036,West,OFF-AP-10004532,Office Supplies,Appliances,Kensington 6 Outlet Guardian Standard Surge Protector,81.92,4,0.0,22.1184
7423,US-2016-114013,2016-03-13,2016-03-15,Second Class,SC-20770,Stewart Carmichael,Corporate,United States,Philadelphia,Pennsylvania,19134,East,TEC-MA-10001148,Technology,Machines,Okidata MB491 Multifunction Printer,449.1,3,0.7,-643.71
2493,CA-2014-144624,2014-11-19,2014-11-23,Standard Class,JM-15865,John Murray,Consumer,United States,Jamestown,New York,14701,East,TEC-PH-10002885,Technology,Phones,Apple iPhone 5,4548.81,7,0.0,1228.1787
